id,word,language
1,anal,en
2,anus,en
3,arse,en
4,ass,en
5,balls,en
6,ballsack,en
7,bastard,en
8,biatch,en
9,bitch,en
10,bloody,en
11,blow job,en
12,blowjob,en
13,bollock,en
14,bollok,en
15,boner,en
16,boob,en
17,bugger,en
18,bum,en
19,butt,en
20,buttplug,en
21,clitoris,en
22,cock,en
23,coon,en
24,crap,en
25,cunt,en
26,damn,en
27,dick,en
28,dildo,en
29,dyke,en
30,f u c k,en
31,fag,en
32,feck,en
33,felching,en
34,fellate,en
35,fellatio,en
36,flange,en
37,fuck,en
38,fudge packer,en
39,fudgepacker,en
40,God damn,en
41,Goddamn,en
42,hell,en
43,homo,en
44,jerk,en
45,jizz,en
46,knob end,en
47,knobend,en
48,labia,en
49,lmao,en
50,lmfao,en
51,muff,en
52,nigga,en
53,nigger,en
54,omg,en
55,penis,en
56,piss,en
57,poop,en
58,prick,en
59,pube,en
60,pussy,en
61,queer,en
62,s hit,en
63,scrotum,en
64,sex,en
65,sh1t,en
66,shit,en
67,slut,en
68,smegma,en
69,spunk,en
70,tit,en
71,tosser,en
72,turd,en
73,twat,en
74,vagina,en
75,wank,en
76,whore,en
77,wtf,en
78,سكس,ar
79,طيز,ar
80,شرج,ar
81,لعق,ar
82,لحس,ar
83,مص,ar
84,تمص,ar
85,بيضان,ar
86,ثدي,ar
87,بز,ar
88,بزاز,ar
89,حلمة,ar
90,مفلقسة,ar
91,بظر,ar
92,كس,ar
93,فرج,ar
94,شهوة,ar
95,شاذ,ar
96,مبادل,ar
97,عاهرة,ar
98,جماع,ar
99,قضيب,ar
100,زب,ar
101,لوطي,ar
102,لواط,ar
103,سحاق,ar
104,سحاقية,ar
105,اغتصاب,ar
106,خنثي,ar
107,احتلام,ar
108,نيك,ar
109,متناك,ar
110,متناكة,ar
111,شرموطة,ar
112,عرص,ar
113,خول,ar
114,قحبة,ar
115,لبوة,ar
116,bordel,cs
117,buzna,cs
118,čumět,cs
119,čurák,cs
120,debil,cs
121,do piče,cs
122,do prdele,cs
123,dršťka,cs
124,držka,cs
125,flundra,cs
126,hajzl,cs
127,hovno,cs
128,chcanky,cs
129,chuj,cs
130,jebat,cs
131,kokot,cs
132,kokotina,cs
133,koňomrd,cs
134,kunda,cs
135,kurva,cs
136,mamrd,cs
137,mrdat,cs
138,mrdka,cs
139,mrdník,cs
140,oslošoust,cs
141,piča,cs
142,píčus,cs
143,píchat,cs
144,pizda,cs
145,prcat,cs
146,prdel,cs
147,prdelka,cs
148,sračka,cs
149,srát,cs
150,šoustat,cs
151,šulin,cs
152,vypíčenec,cs
153,zkurvit,cs
154,zkurvysyn,cs
155,zmrd,cs
156,žrát,cs
217,bøsserøv,da
218,fisse,da
219,fissehår,da
220,hestepik,da
221,kussekryller,da
222,lort,da
223,luder,da
224,pik,da
225,pikhår,da
226,pikslugeri,da
227,piksutteri,da
228,pis,da
229,røv,da
230,røvhul,da
231,røvskæg,da
232,røvspræke,da
237,analritter,de
238,arsch,de
239,arschficker,de
240,arschlecker,de
241,arschloch,de
242,bimbo,de
243,bratze,de
244,bumsen,de
245,bonze,de
246,dödel,de
247,fick,de
248,ficken,de
249,flittchen,de
250,fotze,de
251,fratze,de
252,hackfresse,de
253,hure,de
254,hurensohn,de
255,ische,de
256,kackbratze,de
257,kacke,de
258,kacken,de
259,kackwurst,de
260,kampflesbe,de
261,kanake,de
262,kimme,de
263,lümmel,de
264,MILF,de
265,möpse,de
266,morgenlatte,de
267,möse,de
268,mufti,de
269,muschi,de
270,nackt,de
271,neger,de
272,nippel,de
273,nutte,de
274,onanieren,de
275,orgasmus,de
276,pimmel,de
277,pimpern,de
278,pinkeln,de
279,pissen,de
280,pisser,de
281,popel,de
282,poppen,de
283,porno,de
284,reudig,de
285,rosette,de
286,schabracke,de
287,schlampe,de
288,scheiße,de
289,scheisser,de
290,schiesser,de
291,schnackeln,de
292,schwanzlutscher,de
293,schwuchtel,de
294,tittchen,de
295,titten,de
296,vögeln,de
297,vollpfosten,de
298,wichse,de
299,wichsen,de
300,wichser,de
302,bugren,eo
303,bugri,eo
304,bugru,eo
305,ĉiesulino,eo
306,ĉiesulo,eo
307,diofek,eo
308,diofeka,eo
309,fek,eo
310,feken,eo
311,fekfikanto,eo
312,feklekulo,eo
313,fekulo,eo
314,fik,eo
315,fikado,eo
316,fikema,eo
317,fikfek,eo
318,fiki,eo
319,fikiĝi,eo
320,fikiĝu,eo
321,fikilo,eo
322,fikklaŭno,eo
323,fikota,eo
324,fiku,eo
325,forfiki,eo
326,forfikiĝu,eo
327,forfiku,eo
328,forfurzu,eo
329,forpisi,eo
330,forpisu,eo
331,furzulo,eo
332,kacen,eo
333,kaco,eo
334,kacsuĉulo,eo
335,kojono,eo
336,piĉen,eo
337,piĉo,eo
338,zamenfek,eo
339,Asesinato,es
340,asno,es
341,bastardo,es
342,Bollera,es
343,Cabron,es
344,Caca,es
345,Chupada,es
346,Chupapollas,es
347,Chupetón,es
348,concha,es
349,Concha de tu madre,es
350,Coño,es
351,Coprofagía,es
352,Culo,es
353,Drogas,es
354,Esperma,es
355,Fiesta de salchichas,es
356,Follador,es
357,Follar,es
358,Gilipichis,es
359,Gilipollas,es
360,Hacer una paja,es
361,Haciendo el amor,es
362,Heroína,es
363,Hija de puta,es
364,Hijaputa,es
365,Hijo de puta,es
366,Hijoputa,es
367,Idiota,es
368,Imbécil,es
369,infierno,es
370,Jilipollas,es
371,Kapullo,es
372,Lameculos,es
373,Maciza,es
374,Macizorra,es
375,maldito,es
376,Mamada,es
377,Marica,es
378,Maricón,es
379,Mariconazo,es
380,martillo,es
381,Mierda,es
382,Nazi,es
383,Orina,es
384,Pedo,es
385,Pervertido,es
386,Pezón,es
387,Pinche,es
388,Prostituta,es
389,Puta,es
390,Racista,es
391,Ramera,es
392,Sádico,es
393,Semen,es
394,Sexo,es
395,Sexo oral,es
396,Soplagaitas,es
397,Soplapollas,es
398,Tetas grandes,es
399,Tía buena,es
400,Travesti,es
401,Trio,es
402,Verga,es
403,vete a la mierda,es
404,Vulva,es
407,آب کیر,fa
408,ارگاسم,fa
409,برهنه,fa
410,پورن,fa
411,پورنو,fa
412,تجاوز,fa
413,تخمی,fa
414,جق,fa
415,جقی,fa
416,جلق,fa
417,جنده,fa
418,چوچول,fa
419,حشر,fa
420,حشری,fa
421,داف,fa
422,دودول,fa
423,ساک زدن,fa
424,سکس,fa
425,سکس کردن,fa
426,سکسی,fa
427,سوپر,fa
428,شق کردن,fa
429,شهوت,fa
430,شهوتی,fa
431,شونبول,fa
432,فیلم سوپر,fa
433,کس,fa
434,کس دادن,fa
435,کس کردن,fa
436,کسکش,fa
437,کوس,fa
438,کون,fa
439,کون دادن,fa
440,کون کردن,fa
441,کونکش,fa
442,کونی,fa
443,کیر,fa
444,کیری,fa
445,لاپا,fa
446,لاپایی,fa
447,لاشی,fa
448,لخت,fa
449,لش,fa
450,منی,fa
451,هرزه,fa
452,alfred nussi,fi
453,bylsiä,fi
454,haahka,fi
455,haista paska,fi
456,haista vittu,fi
457,hatullinen,fi
458,helvetisti,fi
459,hevonkuusi,fi
460,hevonpaska,fi
461,hevonperse,fi
462,hevonvittu,fi
463,hevonvitunperse,fi
464,hitosti,fi
465,hitto,fi
466,huorata,fi
467,hässiä,fi
468,juosten kustu,fi
469,jutku,fi
470,jutsku,fi
471,jätkä,fi
472,kananpaska,fi
473,koiranpaska,fi
474,kuin esterin perseestä,fi
475,kulli,fi
476,kullinluikaus,fi
477,kuppainen,fi
478,kusaista,fi
479,kuseksia,fi
480,kusettaa,fi
481,kusi,fi
482,kusipää,fi
483,kusta,fi
484,kyrpiintynyt,fi
485,kyrpiintyä,fi
486,kyrpiä,fi
487,kyrpä,fi
488,kyrpänaama,fi
489,kyrvitys,fi
490,lahtari,fi
491,lutka,fi
492,molo,fi
493,molopää,fi
494,mulkero,fi
495,mulkku,fi
496,mulkvisti,fi
497,muna,fi
498,munapää,fi
499,munaton,fi
500,mutakuono,fi
501,mutiainen,fi
502,naida,fi
503,nainti,fi
504,narttu,fi
505,neekeri,fi
506,nekru,fi
507,nuolla persettä,fi
508,nussia,fi
509,nussija,fi
510,nussinta,fi
511,paljaalla,fi
512,palli,fi
513,pallit,fi
514,paneskella,fi
515,panettaa,fi
516,panna,fi
517,pano,fi
518,pantava,fi
519,paska,fi
520,paskainen,fi
521,paskamainen,fi
522,paskanmarjat,fi
523,paskantaa,fi
524,paskapuhe,fi
525,paskapää,fi
526,paskattaa,fi
527,paskiainen,fi
528,paskoa,fi
529,pehko,fi
530,pentele,fi
531,perkele,fi
532,perkeleesti,fi
533,persaukinen,fi
534,perse,fi
535,perseennuolija,fi
536,perseet olalla,fi
537,persereikä,fi
538,perseääliö,fi
539,persläpi,fi
540,perspano,fi
541,persvako,fi
542,pilkunnussija,fi
543,pillu,fi
544,pillut,fi
545,pipari,fi
546,piru,fi
547,pistää,fi
548,pyllyvako,fi
549,reikä,fi
550,reva,fi
551,ripsipiirakka,fi
552,runkata,fi
553,runkkari,fi
554,runkkaus,fi
555,runkku,fi
556,ryssä,fi
557,rättipää,fi
558,saatanasti,fi
559,suklaaosasto,fi
560,tavara,fi
561,toosa,fi
562,tuhkaluukku,fi
563,tumputtaa,fi
564,turpasauna,fi
565,tussu,fi
566,tussukka,fi
567,tussut,fi
568,vakipano,fi
569,vetää käteen,fi
570,viiksi,fi
571,vittu,fi
572,vittuilla,fi
573,vittuilu,fi
574,vittumainen,fi
575,vittuuntua,fi
576,vittuuntunut,fi
577,vitun,fi
578,vitusti,fi
579,vituttaa,fi
580,vitutus,fi
581,äpärä,fi
582,baiser,fr
583,bander,fr
584,bigornette,fr
585,bite,fr
586,bitte,fr
587,bloblos,fr
588,bosser,fr
589,bourré,fr
590,bourrée,fr
591,brackmard,fr
592,branlage,fr
593,branler,fr
594,branlette,fr
595,branleur,fr
596,branleuse,fr
597,brouter le cresson,fr
598,cailler,fr
599,chatte,fr
600,chiasse,fr
601,chier,fr
602,chiottes,fr
603,clito,fr
604,con,fr
605,connard,fr
606,connasse,fr
607,conne,fr
608,couilles,fr
609,cramouille,fr
610,cul,fr
611,déconne,fr
612,déconner,fr
613,drague,fr
614,emmerdant,fr
615,emmerder,fr
616,emmerdeur,fr
617,emmerdeuse,fr
618,enculé,fr
619,enculée,fr
620,enculeur,fr
621,enculeurs,fr
622,enfoiré,fr
623,enfoirée,fr
624,étron,fr
625,fille de pute,fr
626,fils de pute,fr
627,folle,fr
628,foutre,fr
629,gerbe,fr
630,gerber,fr
631,gouine,fr
632,grande folle,fr
633,grogniasse,fr
634,gueule,fr
635,jouir,fr
636,la putain de ta mère,fr
637,MALPT,fr
638,ménage à trois,fr
639,merde,fr
640,merdeuse,fr
641,merdeux,fr
642,meuf,fr
643,nègre,fr
644,nique ta mère,fr
645,nique ta race,fr
646,palucher,fr
647,pédale,fr
648,pédé,fr
649,péter,fr
650,pipi,fr
651,pouffiasse,fr
652,pousse-crotte,fr
653,putain,fr
654,pute,fr
655,ramoner,fr
656,sac à merde,fr
657,salaud,fr
658,salope,fr
659,suce,fr
660,tapette,fr
661,teuf,fr
662,tringler,fr
663,trique,fr
664,trou du cul,fr
665,turlute,fr
666,veuve,fr
667,zigounette,fr
668,zizi,fr
673,aand,hi
674,aandu,hi
675,balatkar,hi
676,beti chod,hi
677,bhadva,hi
678,bhadve,hi
679,bhandve,hi
680,bhootni ke,hi
681,bhosad,hi
682,bhosadi ke,hi
683,boobe,hi
684,chakke,hi
685,chinaal,hi
686,chinki,hi
687,chod,hi
688,chodu,hi
689,chodu bhagat,hi
690,chooche,hi
691,choochi,hi
692,choot,hi
693,choot ke baal,hi
694,chootia,hi
695,chootiya,hi
696,chuche,hi
697,chuchi,hi
698,chudai khanaa,hi
699,chudan chudai,hi
700,chut,hi
701,chut ke baal,hi
702,chut ke dhakkan,hi
703,chut maarli,hi
704,chutad,hi
705,chutadd,hi
706,chutan,hi
707,chutia,hi
708,chutiya,hi
709,gaand,hi
710,gaandfat,hi
711,gaandmasti,hi
712,gaandufad,hi
713,gandu,hi
714,gashti,hi
715,gasti,hi
716,ghassa,hi
717,ghasti,hi
718,harami,hi
719,haramzade,hi
720,hawas,hi
721,hawas ke pujari,hi
722,hijda,hi
723,hijra,hi
724,jhant,hi
725,jhant chaatu,hi
726,jhant ke baal,hi
727,jhantu,hi
728,kamine,hi
729,kaminey,hi
730,kanjar,hi
731,kutta,hi
732,kutta kamina,hi
733,kutte ki aulad,hi
734,kutte ki jat,hi
735,kuttiya,hi
736,loda,hi
737,lodu,hi
738,lund,hi
739,lund choos,hi
740,lund khajoor,hi
741,lundtopi,hi
742,lundure,hi
743,maa ki chut,hi
744,maal,hi
745,madar chod,hi
746,mooh mein le,hi
747,mutth,hi
748,najayaz,hi
749,najayaz aulaad,hi
750,najayaz paidaish,hi
751,paki,hi
752,pataka,hi
753,patakha,hi
754,raand,hi
755,randi,hi
756,saala,hi
757,saala kutta,hi
758,saali kutti,hi
759,saali randi,hi
760,suar,hi
761,suar ki aulad,hi
762,tatte,hi
763,tatti,hi
764,teri maa ka bhosada,hi
765,teri maa ka boba chusu,hi
766,teri maa ki chut,hi
767,tharak,hi
768,tharki,hi
769,balfasz,hu
770,balfaszok,hu
771,balfaszokat,hu
772,balfaszt,hu
773,barmok,hu
774,barmokat,hu
775,barmot,hu
776,barom,hu
777,baszik,hu
778,bazmeg,hu
779,buksza,hu
780,bukszák,hu
781,bukszákat,hu
782,bukszát,hu
783,búr,hu
784,búrok,hu
785,csöcs,hu
786,csöcsök,hu
787,csöcsöket,hu
788,csöcsöt,hu
789,fasz,hu
790,faszfej,hu
791,faszfejek,hu
792,faszfejeket,hu
793,faszfejet,hu
794,faszok,hu
795,faszokat,hu
796,faszt,hu
797,fing,hu
798,fingok,hu
799,fingokat,hu
800,fingot,hu
801,franc,hu
802,francok,hu
803,francokat,hu
804,francot,hu
805,geci,hu
806,gecibb,hu
807,gecik,hu
808,geciket,hu
809,gecit,hu
810,kibaszott,hu
811,kibaszottabb,hu
812,kúr,hu
813,kurafi,hu
814,kurafik,hu
815,kurafikat,hu
816,kurafit,hu
817,kurvák,hu
818,kurvákat,hu
819,kurvát,hu
820,leggecibb,hu
821,legkibaszottabb,hu
822,legszarabb,hu
823,marha,hu
824,marhák,hu
825,marhákat,hu
826,marhát,hu
827,megdöglik,hu
828,pele,hu
829,pelék,hu
830,picsa,hu
831,picsákat,hu
832,picsát,hu
833,pina,hu
834,pinák,hu
835,pinákat,hu
836,pinát,hu
837,pofa,hu
838,pofákat,hu
839,pofát,hu
840,pöcs,hu
841,pöcsök,hu
842,pöcsöket,hu
843,pöcsöt,hu
844,punci,hu
845,puncik,hu
846,segg,hu
847,seggek,hu
848,seggeket,hu
849,segget,hu
850,seggfej,hu
851,seggfejek,hu
852,seggfejeket,hu
853,seggfejet,hu
854,szajha,hu
855,szajhák,hu
856,szajhákat,hu
857,szajhát,hu
858,szar,hu
859,szarabb,hu
860,szarik,hu
861,szarok,hu
862,szarokat,hu
863,szart,hu
864,allupato,it
865,ammucchiata,it
866,anale,it
867,arrapato,it
868,arrusa,it
869,arruso,it
870,assatanato,it
871,bagascia,it
872,bagassa,it
873,bagnarsi,it
874,baldracca,it
875,balle,it
876,battere,it
877,battona,it
878,belino,it
879,biga,it
880,bocchinara,it
881,bocchino,it
882,bofilo,it
883,boiata,it
884,bordello,it
885,brinca,it
886,bucaiolo,it
887,budiùlo,it
888,buona donna,it
889,busone,it
890,cacca,it
891,caccati in mano e prenditi a schiaffi,it
892,caciocappella,it
893,cadavere,it
894,cagare,it
895,cagata,it
896,cagna,it
897,cammello,it
898,cappella,it
899,carciofo,it
900,carità,it
901,casci,it
902,cazzata,it
903,cazzimma,it
904,cazzo,it
905,checca,it
906,chiappa,it
907,chiavare,it
908,chiavata,it
909,ciospo,it
910,ciucciami il cazzo,it
911,coglione,it
912,coglioni,it
913,cornuto,it
914,cozza,it
915,culattina,it
916,culattone,it
917,di merda,it
918,ditalino,it
919,duro,it
920,fare unaŠ,it
921,fava,it
922,femminuccia,it
923,fica,it
924,figa,it
925,figlio di buona donna,it
926,figlio di puttana,it
927,figone,it
928,finocchio,it
929,fottere,it
930,fottersi,it
931,fracicone,it
932,fregna,it
933,frocio,it
934,froscio,it
935,fuori come un balcone,it
936,goldone,it
937,grilletto,it
938,guanto,it
939,guardone,it
940,incazzarsi,it
941,incoglionirsi,it
942,ingoio,it
943,l'arte bolognese,it
944,leccaculo,it
945,lecchino,it
946,lofare,it
947,loffa,it
948,loffare,it
949,lumaca,it
950,manico,it
951,mannaggia,it
952,merda,it
953,merdata,it
954,merdoso,it
955,mignotta,it
956,minchia,it
957,minchione,it
958,mona,it
959,monta,it
960,montare,it
961,mussa,it
962,nave scuola,it
963,nerchia,it
964,nudo,it
965,padulo,it
966,palle,it
967,palloso,it
968,patacca,it
969,patonza,it
970,pecorina,it
971,pesce,it
972,picio,it
973,pincare,it
974,pipa,it
975,pippone,it
976,pirla,it
977,pisciare,it
978,piscio,it
979,pisello,it
980,pistola,it
981,pistolotto,it
982,pomiciare,it
983,pompa,it
984,pompino,it
985,porca,it
986,porca madonna,it
987,porca miseria,it
988,porca puttana,it
989,porco due,it
990,porco zio,it
991,potta,it
992,puppami,it
993,puttana,it
994,quaglia,it
995,recchione,it
996,regina,it
997,rincoglionire,it
998,rizzarsi,it
999,rompiballe,it
1000,ruffiano,it
1001,sbattere,it
1002,sbattersi,it
1003,sborra,it
1004,sborrata,it
1005,sborrone,it
1006,sbrodolata,it
1007,scopare,it
1008,scopata,it
1009,scorreggiare,it
1010,sega,it
1011,slinguare,it
1012,slinguata,it
1013,smandrappata,it
1014,soccia,it
1015,socmel,it
1016,sorca,it
1017,spagnola,it
1018,spompinare,it
1019,sticchio,it
1020,stronza,it
1021,stronzata,it
1022,stronzo,it
1023,succhiami,it
1024,sveltina,it
1025,sverginare,it
1026,tarzanello,it
1027,terrone,it
1028,testa di cazzo,it
1029,tette,it
1030,tirare,it
1031,topa,it
1032,troia,it
1033,trombare,it
1034,uccello,it
1035,vacca,it
1036,vaffanculo,it
1037,vangare,it
1038,venire,it
1039,zinne,it
1040,zio cantante,it
1041,zoccola,it
1042,3p,ja
1043,g スポット,ja
1044,s ＆ m,ja
1045,sm,ja
1046,sm女王,ja
1047,xx,ja
1048,アジアのかわいい女の子,ja
1049,アスホール,ja
1050,アナリングス,ja
1051,アナル,ja
1052,いたずら,ja
1053,イラマチオ,ja
1054,ウェブカメラ,ja
1055,エクスタシー,ja
1056,エスコート,ja
1057,エッチ,ja
1058,エロティズム,ja
1059,エロティック,ja
1060,オーガズム,ja
1061,オカマ,ja
1062,おしっこ,ja
1063,おしり,ja
1064,オシリ,ja
1065,おしりのあな,ja
1066,おっぱい,ja
1067,オッパイ,ja
1068,オナニー,ja
1069,オマンコ,ja
1070,おもらし,ja
1071,お尻,ja
1072,カーマスートラ,ja
1073,カント,ja
1074,クリトリス,ja
1075,グループ・セックス,ja
1076,グロ,ja
1077,クンニリングス,ja
1078,ゲイ・セックス,ja
1079,ゲイの男性,ja
1080,ゲイボーイ,ja
1081,ゴールデンシャワー,ja
1082,コカイン,ja
1083,ゴックン,ja
1084,サディズム,ja
1085,しばり,ja
1086,スウィンガー,ja
1087,スカートの中,ja
1088,スカトロ,ja
1089,ストラップオン,ja
1090,ストリップ劇場,ja
1091,スラット,ja
1092,スリット,ja
1093,セクシーな,ja
1094,セクシーな 10 代,ja
1095,セックス,ja
1096,ソドミー,ja
1097,ちんこ,ja
1098,ディープ・スロート,ja
1099,ディック,ja
1100,ディルド,ja
1101,デートレイプ,ja
1102,デブ,ja
1103,テレフォンセックス,ja
1104,ドッグスタイル,ja
1105,トップレス,ja
1106,なめ,ja
1107,ニガー,ja
1108,ヌード,ja
1109,ネオ・ナチ,ja
1110,ハードコア,ja
1111,パイパン,ja
1112,バイブレーター,ja
1113,バック・スタイル,ja
1114,パンティー,ja
1115,ビッチ,ja
1116,ファック,ja
1117,ファンタジー,ja
1118,フィスト,ja
1119,フェティッシュ,ja
1120,フェラチオ,ja
1121,ふたなり,ja
1122,ぶっかけ,ja
1123,フック,ja
1124,プリンス アルバート ピアス,ja
1125,プレイボーイ,ja
1126,ベアバック,ja
1127,ペニス,ja
1128,ペニスバンド,ja
1129,ボーイズラブ,ja
1130,ボールギャグ,ja
1131,ボールを蹴る,ja
1132,ぽっちゃり,ja
1133,ホモ,ja
1134,ポルノ,ja
1135,ポルノグラフィー,ja
1136,ボンテージ,ja
1137,マザー・ファッカー,ja
1138,マスターベーション,ja
1139,まんこ,ja
1140,やおい,ja
1141,やりまん,ja
1142,ユダヤ人,ja
1143,ラティーナ,ja
1144,ラバー,ja
1145,ランジェリー,ja
1146,レイプ,ja
1147,レズビアン,ja
1148,ローター,ja
1149,ロリータ,ja
1150,淫乱,ja
1151,陰毛,ja
1152,革抑制,ja
1153,騎上位,ja
1154,巨根,ja
1155,巨乳,ja
1156,強姦犯,ja
1157,玉なめ,ja
1158,玉舐め,ja
1159,緊縛,ja
1160,近親相姦,ja
1161,嫌い,ja
1162,後背位,ja
1163,合意の性交,ja
1164,拷問,ja
1165,殺し方,ja
1166,殺人事件,ja
1167,殺人方法,ja
1168,支配,ja
1169,児童性虐待,ja
1170,自己愛性,ja
1171,射精,ja
1172,手コキ,ja
1173,獣姦,ja
1174,女の子,ja
1175,女王様,ja
1176,女子高生,ja
1177,女装,ja
1178,新しいポルノ,ja
1179,人妻,ja
1180,人種,ja
1181,性交,ja
1182,正常位,ja
1183,生殖器,ja
1184,精液,ja
1185,挿入,ja
1186,足フェチ,ja
1187,足を広げる,ja
1188,大陰唇,ja
1189,脱衣,ja
1190,茶色のシャワー,ja
1191,中出し,ja
1192,潮吹き女,ja
1193,潮吹き男性,ja
1194,直腸,ja
1195,剃毛,ja
1196,貞操帯,ja
1197,奴隷,ja
1198,二穴,ja
1199,乳首,ja
1200,尿道プレイ,ja
1201,覗き,ja
1202,売春婦,ja
1203,縛り,ja
1204,噴出,ja
1205,糞,ja
1206,糞尿愛好症,ja
1207,糞便,ja
1208,平手打ち,ja
1209,変態,ja
1210,勃起する,ja
1211,夢精,ja
1212,毛深い,ja
1213,誘惑,ja
1214,幼児,ja
1215,幼児性愛者,ja
1216,裸,ja
1217,裸の女性,ja
1218,乱交,ja
1219,両性,ja
1220,両性具有,ja
1221,両刀,ja
1222,輪姦,ja
1223,卍,ja
1224,宦官,ja
1225,肛門,ja
1226,膣,ja
1227,강간,ko
1228,개새끼,ko
1229,개자식,ko
1230,개좆,ko
1231,개차반,ko
1232,거유,ko
1233,계집년,ko
1234,고자,ko
1235,근친,ko
1236,노모,ko
1237,니기미,ko
1238,뒤질래,ko
1239,딸딸이,ko
1240,때씹,ko
1241,또라이,ko
1242,뙤놈,ko
1243,로리타,ko
1244,망가,ko
1245,몰카,ko
1246,미친,ko
1247,미친새끼,ko
1248,바바리맨,ko
1249,변태,ko
1250,병신,ko
1251,보지,ko
1252,불알,ko
1253,빠구리,ko
1254,사까시,ko
1255,섹스,ko
1256,스와핑,ko
1257,쌍놈,ko
1258,씨발,ko
1259,씨발놈,ko
1260,씨팔,ko
1261,씹,ko
1262,씹물,ko
1263,씹빨,ko
1264,씹새끼,ko
1265,씹알,ko
1266,씹창,ko
1267,씹팔,ko
1268,암캐,ko
1269,애자,ko
1270,야동,ko
1271,야사,ko
1272,야애니,ko
1273,엄창,ko
1274,에로,ko
1275,염병,ko
1276,옘병,ko
1277,유모,ko
1278,육갑,ko
1279,은꼴,ko
1280,자위,ko
1281,자지,ko
1282,잡년,ko
1283,종간나,ko
1284,좆,ko
1285,좆만,ko
1286,죽일년,ko
1287,쥐좆,ko
1288,직촬,ko
1289,짱깨,ko
1290,쪽바리,ko
1291,창녀,ko
1292,포르노,ko
1293,하드코어,ko
1294,호로,ko
1295,화냥년,ko
1296,후레아들,ko
1297,후장,ko
1298,희쭈그리,ko
1299,aardappels afgieteng,nl
1300,achter het raam zitten,nl
1301,afberen,nl
1302,aflebberen,nl
1303,afrossen,nl
1304,afrukken,nl
1305,aftrekken,nl
1306,afwerkplaats,nl
1307,afzeiken,nl
1308,afzuigen,nl
1309,anderhalve man en een paardekop,nl
1310,anita,nl
1311,asbak,nl
1312,aso,nl
1313,bagger schijten,nl
1314,balen,nl
1315,bedonderen,nl
1316,befborstelg,nl
1317,beffen,nl
1318,bekken,nl
1319,belazeren,nl
1320,besodemieterd zijn,nl
1321,besodemieteren,nl
1322,beurt,nl
1323,boemelen,nl
1324,boerelul,nl
1325,boerenpummelg,nl
1326,bokkelul,nl
1327,botergeil,nl
1328,broekhoesten,nl
1329,brugpieperg,nl
1330,buffelen,nl
1331,buiten de pot piesen,nl
1332,da's kloten van de bok,nl
1333,de ballen,nl
1334,de hoer spelen,nl
1335,de hond uitlaten,nl
1336,de koffer induiken,nl
1337,delg,nl
1338,de pijp aan maarten geven,nl
1339,de pijp uitgaan,nl
1340,dombo,nl
1341,draaikontg,nl
1342,driehoog achter wonen,nl
1343,drolg,nl
1344,drooggeiler,nl
1345,droogkloot,nl
1346,een beurt geven,nl
1347,een nummertje maken,nl
1348,een wip maken,nl
1349,eikel,nl
1350,engerd,nl
1351,flamoes,nl
1352,flikken,nl
1353,flikker,nl
1354,gadverdamme,nl
1355,galbak,nl
1356,gat,nl
1357,gedoogzone,nl
1358,geilneef,nl
1359,gesodemieter,nl
1360,godverdomme,nl
1361,graftak,nl
1362,gras maaien,nl
1363,gratenkutg,nl
1364,greppeldel,nl
1365,griet,nl
1366,hoempert,nl
1367,hoer,nl
1368,hoerenbuurt,nl
1369,hoerenloper,nl
1370,hoerig,nl
1371,hol,nl
1372,hufter,nl
1373,huisdealer,nl
1374,johny,nl
1375,kanen,nl
1376,kettingzeugg,nl
1377,klaarkomen,nl
1378,klerebeer,nl
1379,klojo,nl
1380,klooien,nl
1381,klootjesvolk,nl
1382,klootoog,nl
1383,klootzak,nl
1384,kloten,nl
1385,knor,nl
1386,kontg,nl
1387,kontneuken,nl
1388,krentekakker,nl
1389,kut,nl
1390,kuttelikkertje,nl
1391,kwakkieg,nl
1392,liefdesgrot,nl
1393,lul,nl
1394,lul-de-behanger,nl
1395,lulhannes,nl
1396,mafketel,nl
1397,matennaaierg,nl
1398,matje,nl
1399,mof,nl
1400,mutsg,nl
1401,naaien,nl
1402,naakt,nl
1403,neuken,nl
1404,neukstier,nl
1405,nicht,nl
1406,oetlul,nl
1407,opgeilen,nl
1408,opkankeren,nl
1409,oprotten,nl
1410,opsodemieteren,nl
1411,op z'n hondjes,nl
1412,op z'n sodemieter geven,nl
1413,opzouten,nl
1414,ouwehoer,nl
1415,ouwehoeren,nl
1416,ouwe rukker,nl
1417,paal,nl
1418,paardelul,nl
1419,palen,nl
1420,penozeg,nl
1421,piesen,nl
1422,pijpbekkieg,nl
1423,pijpen,nl
1424,pleurislaaier,nl
1425,poep,nl
1426,poepen,nl
1427,poot,nl
1428,portiekslet,nl
1429,pot,nl
1430,potverdorie,nl
1431,publiciteitsgeil,nl
1432,raaskallen,nl
1433,reet,nl
1434,reetridder,nl
1435,"reet trappen, voor zijn",nl
1436,remsporeng,nl
1437,reutelen,nl
1438,rothoer,nl
1439,rotzak,nl
1440,rukhond,nl
1441,rukken,nl
1442,schatje,nl
1443,schijt,nl
1444,schijten,nl
1445,schoft,nl
1446,schuinsmarcheerder,nl
1447,slempen,nl
1448,sletg,nl
1449,sletterig,nl
1450,slik mijn zaad,nl
1451,snolg,nl
1452,spuiten,nl
1453,standje,nl
1454,standje-69g,nl
1455,stoephoer,nl
1456,stootje,nl
1457,strontg,nl
1458,sufferdg,nl
1459,tapijtnek,nl
1460,teefg,nl
1461,temeier,nl
1462,teringlijer,nl
1463,toeter,nl
1464,tongzoeng,nl
1465,triootjeg,nl
1466,trottoir prostituée,nl
1467,trottoirteef,nl
1468,vergallen,nl
1469,verkloten,nl
1470,verneuken,nl
1471,viespeuk,nl
1472,vingeren,nl
1473,vleesroos,nl
1474,voor jan lul,nl
1475,voor jan-met-de-korte-achternaam,nl
1476,watje,nl
1477,welzijnsmafia,nl
1478,wijf,nl
1479,wippen,nl
1480,wuftje,nl
1481,zaadje,nl
1482,zakkenwasser,nl
1483,zeiken,nl
1484,zeiker,nl
1485,zuigen,nl
1486,zuiplap,nl
1487,drittsekk,no
1488,faen i helvete,no
1489,fitte,no
1490,jævla,no
1491,kuk,no
1492,kukene,no
1493,kuker,no
1494,pikk,no
1495,sotrør,no
1496,ståpikk,no
1497,ståpikkene,no
1498,ståpikker,no
1499,burdel,pl
1500,burdelmama,pl
1501,chujnia,pl
1502,ciota,pl
1503,cipa,pl
1504,cyc,pl
1505,dmuchać,pl
1506,do kurwy nędzy,pl
1507,dupa,pl
1508,dupek,pl
1509,duperele,pl
1510,dziwka,pl
1511,fiut,pl
1512,gówno,pl
1513,gówno prawda,pl
1514,huj,pl
1515,jajco,pl
1516,jajeczko,pl
1517,jajko,pl
1518,jajo,pl
1519,ja pierdolę,pl
1520,jebać,pl
1521,jebany,pl
1522,kurwa,pl
1523,kurwy,pl
1524,kutafon,pl
1525,kutas,pl
1526,lizać pałę,pl
1527,obciągać chuja,pl
1528,obciągać fiuta,pl
1529,obciągać loda,pl
1530,pieprzyć,pl
1531,pierdolec,pl
1532,pierdolić,pl
1533,pierdolnięty,pl
1534,pierdoła,pl
1535,pierdzieć,pl
1536,pojeb,pl
1537,popierdolony,pl
1538,robic loda,pl
1539,ruchać,pl
1540,rzygać,pl
1541,skurwysyn,pl
1542,sraczka,pl
1543,srać,pl
1544,suka,pl
1545,syf,pl
1546,wkurwiać,pl
1547,zajebisty,pl
1548,aborto,pt
1549,amador,pt
1550,aranha,pt
1551,ariano,pt
1552,balalao,pt
1553,bicha,pt
1554,biscate,pt
1555,bissexual,pt
1556,boceta,pt
1557,bosta,pt
1558,braulio de borracha,pt
1559,bumbum,pt
1560,burro,pt
1561,cabrao,pt
1562,cacete,pt
1563,cagar,pt
1564,camisinha,pt
1565,caralho,pt
1566,cerveja,pt
1567,chochota,pt
1568,chupar,pt
1569,cocaína,pt
1570,colhoes,pt
1571,comer,pt
1572,cona,pt
1573,consolo,pt
1574,corno,pt
1575,cu,pt
1576,dar o rabo,pt
1577,dum raio,pt
1578,esporra,pt
1579,fecal,pt
1580,filho da puta,pt
1581,foda,pt
1582,foda-se,pt
1583,foder,pt
1584,frango assado,pt
1585,gozar,pt
1586,grelho,pt
1587,heterosexual,pt
1588,homem gay,pt
1589,homoerótico,pt
1590,homosexual,pt
1591,inferno,pt
1592,lésbica,pt
1593,lolita,pt
1594,mama,pt
1595,paneleiro,pt
1596,passar um cheque,pt
1597,pau,pt
1598,peidar,pt
1599,pinto,pt
1600,porra,pt
1601,puta que pariu,pt
1602,puta que te pariu,pt
1603,queca,pt
1604,sacanagem,pt
1605,saco,pt
1606,torneira,pt
1607,transar,pt
1608,vai-te foder,pt
1609,vai tomar no cu,pt
1610,veado,pt
1611,vibrador,pt
1612,xana,pt
1613,xochota,pt
1614,bychara,ru
1615,byk,ru
1616,chernozhopyi,ru
1617,dolboy'eb,ru
1618,ebalnik,ru
1619,ebalo,ru
1620,ebalom sch'elkat,ru
1621,gol,ru
1622,mudack,ru
1623,opizdenet,ru
1624,osto'eblo,ru
1625,ostokhuitel'no,ru
1626,ot'ebis,ru
1627,otmudohat,ru
1628,otpizdit,ru
1629,otsosi,ru
1630,padlo,ru
1631,pedik,ru
1632,perdet,ru
1633,petuh,ru
1634,pidar gnoinyj,ru
1635,pizdato,ru
1636,pizdatyi,ru
1637,piz'det,ru
1638,pizdetc,ru
1639,pizdoi nakryt'sja,ru
1640,pizd'uk,ru
1641,piz`dyulina,ru
1642,podi ku'evo,ru
1643,poeben,ru
1644,po'imat' na konchik,ru
1645,po'iti posrat,ru
1646,po khuy,ru
1647,poluchit pizdy,ru
1648,pososi moyu konfetku,ru
1649,prissat,ru
1650,proebat,ru
1651,promudobl'adsksya pizdopro'ebina,ru
1652,propezdoloch,ru
1653,prosrat,ru
1654,raspeezdeyi,ru
1655,raspizdatyi,ru
1656,raz'yebuy,ru
1657,raz'yoba,ru
1658,s'ebat'sya,ru
1659,shalava,ru
1660,styervo,ru
1661,sukin syn,ru
1662,svodit posrat,ru
1663,svoloch,ru
1664,trakhat'sya,ru
1665,trimandoblydskiy pizdoproyob,ru
1666,ubl'yudok,ru
1667,uboy,ru
1668,u'ebitsche,ru
1669,vafl'a,ru
1670,vafli lovit,ru
1671,v pizdu,ru
1672,vyperdysh,ru
1673,vzdrochennyi,ru
1674,yeb vas,ru
1675,za'ebat,ru
1676,zaebis,ru
1677,zalupa,ru
1678,zalupat,ru
1679,zasranetc,ru
1680,zassat,ru
1681,zlo'ebuchy,ru
1682,бардак,ru
1683,бздёнок,ru
1684,блядки,ru
1685,блядовать,ru
1686,блядство,ru
1687,блядь,ru
1688,бугор,ru
1689,во пизду,ru
1690,встать раком,ru
1691,выёбываться,ru
1692,гандон,ru
1693,говно,ru
1694,говнюк,ru
1695,голый,ru
1696,дать пизды,ru
1697,дерьмо,ru
1698,дрочить,ru
1699,другой дразнится,ru
1700,ёбарь,ru
1701,ебать,ru
1702,ебать-копать,ru
1703,ебло,ru
1704,ебнуть,ru
1705,ёб твою мать,ru
1706,жопа,ru
1707,жополиз,ru
1708,играть на кожаной флейте,ru
1709,измудохать,ru
1710,каждый дрочит как он хочет,ru
1711,какая разница,ru
1712,как два пальца обоссать,ru
1713,курите мою трубку,ru
1714,лысого в кулаке гонять,ru
1715,малофя,ru
1716,манда,ru
1717,мандавошка,ru
1718,мент,ru
1719,муда,ru
1720,мудило,ru
1721,мудозмон,ru
1722,наебать,ru
1723,наебениться,ru
1724,наебнуться,ru
1725,на фиг,ru
1726,на хуй,ru
1727,на хую вертеть,ru
1728,на хуя,ru
1729,нахуячиться,ru
1730,невебенный,ru
1731,не ебет,ru
1732,ни за хуй собачу,ru
1733,ни хуя,ru
1734,обнаженный,ru
1735,обоссаться можно,ru
1736,один ебётся,ru
1737,опесдол,ru
1738,офигеть,ru
1739,охуеть,ru
1740,охуйтельно,ru
1741,половое сношение,ru
1742,секс,ru
1743,сиски,ru
1744,спиздить,ru
1745,срать,ru
1746,ссать,ru
1747,траxать,ru
1748,ты мне ваньку не валяй,ru
1749,фига,ru
1750,хапать,ru
1751,хер с ней,ru
1752,хер с ним,ru
1753,хохол,ru
1754,хрен,ru
1755,хуёво,ru
1756,хуёвый,ru
1757,хуем груши околачивать,ru
1758,хуеплет,ru
1759,хуило,ru
1760,хуиней страдать,ru
1761,хуиня,ru
1762,хуй,ru
1763,хуйнуть,ru
1764,хуй пинать,ru
1765,arsle,sv
1766,brutta,sv
1767,discofitta,sv
1768,dra åt helvete,sv
1769,fan,sv
1770,fitta,sv
1771,fittig,sv
1772,för helvete,sv
1773,helvete,sv
1774,hård,sv
1775,jävlar,sv
1776,knulla,sv
1777,kuksås,sv
1778,kötthuvud,sv
1779,köttnacke,sv
1780,moona,sv
1781,moonade,sv
1782,moonar,sv
1783,moonat,sv
1784,mutta,sv
1785,olla,sv
1786,pippa,sv
1787,pitt,sv
1788,prutt,sv
1789,pök,sv
1790,runka,sv
1791,röv,sv
1792,rövhål,sv
1793,rövknulla,sv
1794,satan,sv
1795,skita,sv
1796,skit ner dig,sv
1797,skäggbiff,sv
1798,snedfitta,sv
1799,snefitta,sv
1800,stake,sv
1801,subba,sv
1802,sås,sv
1803,sätta på,sv
1804,tusan,sv
1805,กระดอ,th
1806,กระเด้า,th
1807,กระหรี่,th
1808,กะปิ,th
1809,กู,th
1810,ขี้,th
1811,ควย,th
1812,จิ๋ม,th
1813,จู๋,th
1814,เจ๊ก,th
1815,เจี๊ยว,th
1816,ดอกทอง,th
1817,ตอแหล,th
1818,ตูด,th
1819,น้ําแตก,th
1820,มึง,th
1821,แม่ง,th
1822,เย็ด,th
1823,รูตูด,th
1824,ล้างตู้เย็น,th
1825,ส้นตีน,th
1826,สัด,th
1827,เสือก,th
1828,หญิงชาติชั่ว,th
1829,หลั่ง,th
1830,ห่า,th
1831,หํา,th
1832,หี,th
1833,เหี้ย,th
1834,อมนกเขา,th
1835,ไอ้ควาย,th
1836,ghuy'cha',tlh
1837,QI'yaH,tlh
1838,Qu'vatlh,tlh
1839,am,tr
1840,amcığa,tr
1841,amcığı,tr
1842,amcığın,tr
1843,amcık,tr
1844,amcıklar,tr
1845,amcıklara,tr
1846,amcıklarda,tr
1847,amcıklardan,tr
1848,amcıkları,tr
1849,amcıkların,tr
1850,amcıkta,tr
1851,amcıktan,tr
1852,amı,tr
1853,amlar,tr
1854,çingene,tr
1855,Çingenede,tr
1856,Çingeneden,tr
1857,Çingeneler,tr
1858,Çingenelerde,tr
1859,Çingenelerden,tr
1860,Çingenelere,tr
1861,Çingeneleri,tr
1862,Çingenelerin,tr
1863,Çingenenin,tr
1864,Çingeneye,tr
1865,Çingeneyi,tr
1866,göt,tr
1867,göte,tr
1868,götler,tr
1869,götlerde,tr
1870,götlerden,tr
1871,götlere,tr
1872,götleri,tr
1873,götlerin,tr
1874,götte,tr
1875,götten,tr
1876,götü,tr
1877,götün,tr
1878,götveren,tr
1879,götverende,tr
1880,götverenden,tr
1881,götverene,tr
1882,götvereni,tr
1883,götverenin,tr
1884,götverenler,tr
1885,götverenlerde,tr
1886,götverenlerden,tr
1887,götverenlere,tr
1888,götverenleri,tr
1889,götverenlerin,tr
1890,kaltağa,tr
1891,kaltağı,tr
1892,kaltağın,tr
1893,kaltak,tr
1894,kaltaklar,tr
1895,kaltaklara,tr
1896,kaltaklarda,tr
1897,kaltaklardan,tr
1898,kaltakları,tr
1899,kaltakların,tr
1900,kaltakta,tr
1901,kaltaktan,tr
1902,orospu,tr
1903,orospuda,tr
1904,orospudan,tr
1905,orospular,tr
1906,orospulara,tr
1907,orospularda,tr
1908,orospulardan,tr
1909,orospuları,tr
1910,orospuların,tr
1911,orospunun,tr
1912,orospuya,tr
1913,orospuyu,tr
1914,otuz birci,tr
1915,otuz bircide,tr
1916,otuz birciden,tr
1917,otuz birciler,tr
1918,otuz bircilerde,tr
1919,otuz bircilerden,tr
1920,otuz bircilere,tr
1921,otuz bircileri,tr
1922,otuz bircilerin,tr
1923,otuz bircinin,tr
1924,otuz birciye,tr
1925,otuz birciyi,tr
1926,saksocu,tr
1927,saksocuda,tr
1928,saksocudan,tr
1929,saksocular,tr
1930,saksoculara,tr
1931,saksocularda,tr
1932,saksoculardan,tr
1933,saksocuları,tr
1934,saksocuların,tr
1935,saksocunun,tr
1936,saksocuya,tr
1937,saksocuyu,tr
1938,sıçmak,tr
1939,sik,tr
1940,sike,tr
1941,siker sikmez,tr
1942,siki,tr
1943,sikilir sikilmez,tr
1944,sikin,tr
1945,sikler,tr
1946,siklerde,tr
1947,siklerden,tr
1948,siklere,tr
1949,sikleri,tr
1950,siklerin,tr
1951,sikmek,tr
1952,sikmemek,tr
1953,sikte,tr
1954,sikten,tr
1955,siktir,tr
1956,siktirir siktirmez,tr
1957,taşağa,tr
1958,taşağı,tr
1959,taşağın,tr
1960,taşak,tr
1961,taşaklar,tr
1962,taşaklara,tr
1963,taşaklarda,tr
1964,taşaklardan,tr
1965,taşakları,tr
1966,taşakların,tr
1967,taşakta,tr
1968,taşaktan,tr
1969,yarağa,tr
1970,yarağı,tr
1971,yarağın,tr
1972,yarak,tr
1973,yaraklar,tr
1974,yaraklara,tr
1975,yaraklarda,tr
1976,yaraklardan,tr
1977,yarakları,tr
1978,yarakların,tr
1979,yarakta,tr
1980,yaraktan,tr
1981,13.,zh
1982,13点,zh
1983,三级片,zh
1984,下三烂,zh
1985,下贱,zh
1986,个老子的,zh
1987,九游,zh
1988,乳,zh
1989,乳交,zh
1990,乳头,zh
1991,乳房,zh
1992,乳波臀浪,zh
1993,交配,zh
1994,仆街,zh
1995,他奶奶,zh
1996,他奶奶的,zh
1997,他奶娘的,zh
1998,他妈,zh
1999,他妈ㄉ王八蛋,zh
2000,他妈地,zh
2001,他妈的,zh
2002,他娘,zh
2003,他马的,zh
2004,你个傻比,zh
2005,你他马的,zh
2006,你全家,zh
2007,你奶奶的,zh
2008,你她马的,zh
2009,你妈,zh
2010,你妈的,zh
2011,你娘,zh
2012,你娘卡好,zh
2013,你娘咧,zh
2014,你它妈的,zh
2015,你它马的,zh
2016,你是鸡,zh
2017,你是鸭,zh
2018,你马的,zh
2019,做爱,zh
2020,傻比,zh
2021,傻逼,zh
2022,册那,zh
2023,军妓,zh
2024,几八,zh
2025,几叭,zh
2026,几巴,zh
2027,几芭,zh
2028,刚度,zh
2029,刚瘪三,zh
2030,包皮,zh
2031,十三点,zh
2032,卖B,zh
2033,卖比,zh
2034,卖淫,zh
2035,卵,zh
2036,卵子,zh
2037,双峰微颤,zh
2038,口交,zh
2039,口肯,zh
2040,叫床,zh
2041,吃屎,zh
2042,后庭,zh
2043,吹箫,zh
2044,塞你公,zh
2045,塞你娘,zh
2046,塞你母,zh
2047,塞你爸,zh
2048,塞你老师,zh
2049,塞你老母,zh
2050,处女,zh
2051,外阴,zh
2052,大卵子,zh
2053,大卵泡,zh
2054,大鸡巴,zh
2055,奶,zh
2056,奶奶的熊,zh
2057,奶子,zh
2058,奸,zh
2059,奸你,zh
2060,她妈地,zh
2061,她妈的,zh
2062,她马的,zh
2063,妈B,zh
2064,妈个B,zh
2065,妈个比,zh
2066,妈个老比,zh
2067,妈妈的,zh
2068,妈比,zh
2069,妈的,zh
2070,妈的B,zh
2071,妈逼,zh
2072,妓,zh
2073,妓女,zh
2074,妓院,zh
2075,妳她妈的,zh
2076,妳妈的,zh
2077,妳娘的,zh
2078,妳老母的,zh
2079,妳马的,zh
2080,姘头,zh
2081,姣西,zh
2082,姦,zh
2083,娘个比,zh
2084,娘的,zh
2085,婊子,zh
2086,婊子养的,zh
2087,嫖娼,zh
2088,嫖客,zh
2089,它妈地,zh
2090,它妈的,zh
2091,密洞,zh
2092,射你,zh
2093,小乳头,zh
2094,小卵子,zh
2095,小卵泡,zh
2096,小瘪三,zh
2097,小肉粒,zh
2098,小骚比,zh
2099,小骚货,zh
2100,小鸡巴,zh
2101,小鸡鸡,zh
2102,屁眼,zh
2103,屁股,zh
2104,屄,zh
2105,屌,zh
2106,干x娘,zh
2107,干七八,zh
2108,干你,zh
2109,干你妈,zh
2110,干你娘,zh
2111,干你老母,zh
2112,干你良,zh
2113,干妳妈,zh
2114,干妳娘,zh
2115,干妳老母,zh
2116,干妳马,zh
2117,干您娘,zh
2118,干机掰,zh
2119,干死CS,zh
2120,干死GM,zh
2121,干死你,zh
2122,干死客服,zh
2123,幹,zh
2124,强奸,zh
2125,强奸你,zh
2126,性,zh
2127,性器,zh
2128,性无能,zh
2129,性爱,zh
2130,情色,zh
2131,想上你,zh
2132,懆您妈,zh
2133,懆您娘,zh
2134,懒8,zh
2135,懒八,zh
2136,懒叫,zh
2137,懒教,zh
2138,成人,zh
2139,我操你祖宗十八代,zh
2140,扒光,zh
2141,打炮,zh
2142,打飞机,zh
2143,抽插,zh
2144,招妓,zh
2145,插你,zh
2146,插死你,zh
2147,撒尿,zh
2148,操你,zh
2149,操你全家,zh
2150,操你奶奶,zh
2151,操你妈,zh
2152,操你娘,zh
2153,操你祖宗,zh
2154,操你老妈,zh
2155,操你老母,zh
2156,操妳,zh
2157,操妳全家,zh
2158,操妳妈,zh
2159,操妳娘,zh
2160,操妳祖宗,zh
2161,操机掰,zh
2162,操比,zh
2163,操逼,zh
2164,放荡,zh
2165,日他娘,zh
2166,日你,zh
2167,日你妈,zh
2168,日你老娘,zh
2169,日你老母,zh
2170,日批,zh
2171,月经,zh
2172,机八,zh
2173,机巴,zh
2174,机机歪歪,zh
2175,杂种,zh
2176,浪叫,zh
2177,淫,zh
2178,淫妇,zh
2179,淫棍,zh
2180,淫水,zh
2181,淫秽,zh
2182,淫荡,zh
2183,淫西,zh
2184,湿透的内裤,zh
2185,激情,zh
2186,灨你娘,zh
2187,烂货,zh
2188,烂逼,zh
2189,爛,zh
2190,狗屁,zh
2191,狗日,zh
2192,狗狼养的,zh
2193,玉杵,zh
2194,王八蛋,zh
2195,瓜娃子,zh
2196,瓜婆娘,zh
2197,瓜批,zh
2198,瘪三,zh
2199,白烂,zh
2200,白痴,zh
2201,白癡,zh
2202,祖宗,zh
2203,私服,zh
2204,笨蛋,zh
2205,精子,zh
2206,老二,zh
2207,老味,zh
2208,老母,zh
2209,老瘪三,zh
2210,老骚比,zh
2211,老骚货,zh
2212,肉壁,zh
2213,肉棍子,zh
2214,肉棒,zh
2215,肉缝,zh
2216,肏,zh
2217,肛交,zh
2218,肥西,zh
2219,色情,zh
2220,花柳,zh
2221,荡妇,zh
2222,賤,zh
2223,贝肉,zh
2224,贱B,zh
2225,贱人,zh
2226,贱货,zh
2227,贼你妈,zh
2228,赛你老母,zh
2229,赛妳阿母,zh
2230,赣您娘,zh
2231,轮奸,zh
2232,迷药,zh
2233,逼,zh
2234,逼样,zh
2235,野鸡,zh
2236,阳具,zh
2237,阳萎,zh
2238,阴唇,zh
2239,阴户,zh
2240,阴核,zh
2241,阴毛,zh
2242,阴茎,zh
2243,阴道,zh
2244,阴部,zh
2245,雞巴,zh
2246,靠北,zh
2247,靠母,zh
2248,靠爸,zh
2249,靠背,zh
2250,靠腰,zh
2251,驶你公,zh
2252,驶你娘,zh
2253,驶你母,zh
2254,驶你爸,zh
2255,驶你老师,zh
2256,驶你老母,zh
2257,骚比,zh
2258,骚货,zh
2259,骚逼,zh
2260,鬼公,zh
2261,鸡8,zh
2262,鸡八,zh
2263,鸡叭,zh
2264,鸡吧,zh
2265,鸡奸,zh
2266,鸡巴,zh
2267,鸡芭,zh
2268,鸡鸡,zh
2269,龟儿子,zh
2270,龟头,zh
